event_date,event_time,event_name,event_url,event_img_thumbnail_link,performer_url,special_guest_names,event_price,door_price,event_status,ticket_url,venue_name,venue_url,event_age
"Tuesday, March 3, 2020",7:00 pm,SUDAN ARCHIVES,https://first-avenue.com/event/2020/03/sudanarchives,https://first-avenue.com/sites/default/files/styles/thumbnail/public/images/events/SudanArchives%2011x17%20copy.jpg?itok=WsR7oo-7,https://first-avenue.com/event/2020/03/sudanarchives,with CARTEL MADRAS,,$15.00,Sold Out,,7th St Entry,https://first-avenue.com/venue/entry,18+
"Tuesday, March 3, 2020",7:00 pm,WIRE + WIRE DJs (a different member of Wire DJing each night),https://first-avenue.com/event/2020/03/wire,https://first-avenue.com/sites/default/files/styles/thumbnail/public/images/events/Wire-030320-600web.jpg?itok=_n-cD9AM,https://first-avenue.com/event/2020/03/wire,with DJ JAKE RUDH,$25.00,$40.00,Buy Tickets,https://www.etix.com/ticket/p/2447532/wire-minneapolis-fine-line?cobrand=first-avenue,Fine Line,https://first-avenue.com/venue/fineline,18+
"Tuesday, March 3, 2020",7:00 pm,A Special Evening of Music with NATHANIEL RATELIFF,https://first-avenue.com/event/2020/03/nathanielrateliff-tue,https://first-avenue.com/sites/default/files/styles/thumbnail/public/images/events/NathanielRateliffSecondShow-388x600web.jpg?itok=PycNZXBg,https://first-avenue.com/event/2020/03/nathanielrateliff-tue,with COURTNEY MARIE ANDREWS,,,Buy Tickets,https://www.ticketmaster.com/event/06005776B55F89C0,State Theatre,https://first-avenue.com/venue/state-theatre,ALL AGES
"Wednesday, March 4, 2020",7:00 pm,MARIA AND THE COINS 'Forward' Album Release,https://first-avenue.com/event/2020/03/mariaandthecoins,https://first-avenue.com/sites/default/files/styles/thumbnail/public/images/events/MariaandtheCoins-030420-387x600web.jpg?itok=WsoA7c0V,https://first-avenue.com/event/2020/03/mariaandthecoins,with JILLIAN RAE and EMILY HAAVIK,$12.00,$15.00,Buy Tickets,https://www.etix.com/ticket/p/7047297/maria-and-the-coins-forwardalbum-release-minneapolis-7th-st-entry?cobrand=first-avenue,7th St Entry,https://first-avenue.com/venue/entry,18+
"Wednesday, March 4, 2020",7:00 pm,GLASS ANIMALS: Déjà vu Tour,https://first-avenue.com/event/2020/03/glassanimals,https://first-avenue.com/sites/default/files/styles/thumbnail/public/images/events/GlassAnimals-030430-387x600web.jpg?itok=HmPWxD3x,https://first-avenue.com/event/2020/03/glassanimals,,$35.00,$45.00,Sold Out,,Fine Line,https://first-avenue.com/venue/fineline,18+
"Wednesday, March 4, 2020",7:00 pm,A Special Evening of Music with NATHANIEL RATELIFF,https://first-avenue.com/event/2020/03/nathanielrateliff,https://first-avenue.com/sites/default/files/styles/thumbnail/public/images/events/NathanielRateliff-030419-388x600web.jpg?itok=OJWy0mFy,https://first-avenue.com/event/2020/03/nathanielrateliff,with COURTNEY MARIE ANDREWS,,,Buy Tickets,https://www.ticketmaster.com/event/0600576DB09E5F61,State Theatre,https://first-avenue.com/venue/state-theatre,ALL AGES
"Wednesday, March 4, 2020",7:00 pm,KAMASI WASHINGTON,https://first-avenue.com/event/2020/03/kamasiwashington,https://first-avenue.com/sites/default/files/styles/thumbnail/public/images/events/KamasiWashington-030420-388x600web.jpg?itok=qNhw4RsR,https://first-avenue.com/event/2020/03/kamasiwashington,with ASTRALBLAK,,$35.00,Buy Tickets,https://www.etix.com/ticket/p/2860058/kamasi-washington-minneapolis-the-fitzgerald-theater?cobrand=first-avenue,The Fitzgerald Theater,https://first-avenue.com/venue/fitzgerald-theater,ALL AGES
"Thursday, March 5, 2020",7:00 pm,DAVE HAUSE & THE MERMAID,https://first-avenue.com/event/2020/03/davehause,https://first-avenue.com/sites/default/files/styles/thumbnail/public/images/events/DaveHause-030520-388x600web.jpg?itok=jlOJ-yqh,https://first-avenue.com/event/2020/03/davehause,with INDIANOLA,$15.00,$18.00,Buy Tickets,https://www.etix.com/ticket/p/3874799/dave-hause-the-mermaid-stpaul-turf-club?cobrand=first-avenue,Turf Club,https://first-avenue.com/venue/turf-club,21+
"Thursday, March 5, 2020",7:30 pm,ANDY SHAUF,https://first-avenue.com/event/2020/03/andyshauf,https://first-avenue.com/sites/default/files/styles/thumbnail/public/images/events/AndyShauf-030520-388x600web.jpg?itok=D0a-E4rc,https://first-avenue.com/event/2020/03/andyshauf,with MOLLY SARLÉ,$20.00,$25.00,Buy Tickets,https://www.etix.com/ticket/p/2774356/andy-shaufwith-molly-sarl%C3%A9-minneapolis-fine-line?cobrand=first-avenue,Fine Line,https://first-avenue.com/venue/fineline,18+
"Thursday, March 5, 2020",8:00 pm,MUNGION,https://first-avenue.com/event/2020/03/mungion,https://first-avenue.com/sites/default/files/styles/thumbnail/public/images/events/Mungion-2020-Tour-030520-427x600web.jpg?itok=LzqZbqg8,https://first-avenue.com/event/2020/03/mungion,with PORKY’S GROOVE MACHINE,$10.00,$12.00,Buy Tickets,https://www.etix.com/ticket/p/6611814/mungion-minneapolis-7th-st-entry?cobrand=first-avenue,7th St Entry,https://first-avenue.com/venue/entry,18+
"Friday, March 6, 2020",7:00 pm,BLACK LIPS,https://first-avenue.com/event/2020/03/blacklips,https://first-avenue.com/sites/default/files/styles/thumbnail/public/images/events/BlackLips-030620-388x600web.jpg?itok=ddVb6Yiy,https://first-avenue.com/event/2020/03/blacklips,with POPPY JEAN CRAWFORD,,$20.00,Buy Tickets,https://www.etix.com/ticket/p/6706466/black-lips-stpaul-turf-club?cobrand=first-avenue,Turf Club,https://first-avenue.com/venue/turf-club,21+
"Friday, March 6, 2020",7:00 pm,RAILROAD EARTH,https://first-avenue.com/event/2020/03/railroadearth,https://first-avenue.com/sites/default/files/styles/thumbnail/public/images/events/RailroadEarth-030620-388x600web.jpg?itok=i6CVKypQ,https://first-avenue.com/event/2020/03/railroadearth,with OLD SALT UNION,$25.00,$27.00,Buy Tickets,https://www.etix.com/ticket/p/7278076/railroad-earth-minneapolis-first-avenue?cobrand=first-avenue,Mainroom,https://first-avenue.com/venue/mainroom,18+
"Friday, March 6, 2020",7:00 pm,ANDERSON EAST & FOY VANCE: 12 Rounds Tour (CANCELED),https://first-avenue.com/event/2020/03/andersoneast-foyvance,https://first-avenue.com/sites/default/files/styles/thumbnail/public/images/events/AndersonEastFoyVance-030620-388x600web.jpg?itok=HQZ-nWbl,https://first-avenue.com/event/2020/03/andersoneast-foyvance,with AARON RAITIERE,,$35.00,Buy Tickets,,The Cedar Cultural Center,https://first-avenue.com/venue/cedar,ALL AGES
"Friday, March 6, 2020",8:00 pm,BEGONIA,https://first-avenue.com/event/2020/03/begonia,https://first-avenue.com/sites/default/files/styles/thumbnail/public/images/events/Begonia-030620-388x600web.jpg?itok=hpWPaTKL,https://first-avenue.com/event/2020/03/begonia,with K.RAYDIO,$12.00,$14.00,Buy Tickets,https://www.etix.com/ticket/p/2725645/begonia-minneapolis-7th-st-entry?cobrand=first-avenue,7th St Entry,https://first-avenue.com/venue/entry,18+
"Saturday, March 7, 2020",5:00 pm,FeMNist Day 2020: Night Market,https://first-avenue.com/event/2020/03/femnistday-nightmarket,https://first-avenue.com/sites/default/files/styles/thumbnail/public/images/events/femnist-night600web.jpg?itok=MYcswzZO,https://first-avenue.com/event/2020/03/femnistday-nightmarket,,,,Buy Tickets,,Palace Theatre,https://first-avenue.com/venue/palace-theatre,ALL AGES
"Saturday, March 7, 2020",7:00 pm,YONDER MOUNTAIN STRING BAND,https://first-avenue.com/event/2020/03/YMSB,https://first-avenue.com/sites/default/files/styles/thumbnail/public/images/events/YonderMountain-030720-387x600web.jpg?itok=W7SUbuEI,https://first-avenue.com/event/2020/03/YMSB,with CHRIS CASTINO and CHICKEN WIRE EMPIRE,$25.00,$30.00,Buy Tickets,https://www.etix.com/ticket/p/4021176/yonder-mountain-string-bandwith-chris-castino-featuring-chicken-wire-empire--minneapolis-first-avenue?cobrand=first-avenue,Mainroom,https://first-avenue.com/venue/mainroom,18+
"Saturday, March 7, 2020",7:00 pm,THE DOLLOP with DAVE ANTHONY and GARETH REYNOLDS,https://first-avenue.com/event/2020/03/thedollop,https://first-avenue.com/sites/default/files/styles/thumbnail/public/images/events/The-Dollop-600web.jpg?itok=VVfT9Ic2,https://first-avenue.com/event/2020/03/thedollop,,,,Sold Out,,Pantages Theatre,https://first-avenue.com/venue/pantages-theatre,ALL AGES
"Saturday, March 7, 2020",7:30 pm,THEO KATZMAN,https://first-avenue.com/event/2020/03/theokatzman,https://first-avenue.com/sites/default/files/styles/thumbnail/public/images/events/TheoKatzman-030720-388x600web.jpg?itok=-SgQelc2,https://first-avenue.com/event/2020/03/theokatzman,with RETT MADISON,$25.00,$30.00,Buy Tickets,https://www.etix.com/ticket/p/5076342/theo-katzman-minneapolis-cedar-cultural-center?cobrand=first-avenue,The Cedar Cultural Center,https://first-avenue.com/venue/cedar,ALL AGES
"Saturday, March 7, 2020",8:00 pm,EASY LIFE (CANCELED),https://first-avenue.com/event/2020/03/easylife,https://first-avenue.com/sites/default/files/styles/thumbnail/public/images/events/EasyLife-030720-600web.jpg?itok=eJAF__1e,https://first-avenue.com/event/2020/03/easylife,,,$15.00,Buy Tickets,,Turf Club,https://first-avenue.com/venue/turf-club,21+
"Saturday, March 7, 2020",8:00 pm,THE NADAS,https://first-avenue.com/event/2020/03/thenadas,https://first-avenue.com/sites/default/files/styles/thumbnail/public/images/events/TheNadas-030720-387x600web.jpg?itok=J4GSKecj,https://first-avenue.com/event/2020/03/thenadas,with TONY WILLIAMS,$20.00,$25.00,Buy Tickets,https://www.etix.com/ticket/p/7814924/the-nadas-stpaul-turf-club?cobrand=first-avenue,Turf Club,https://first-avenue.com/venue/turf-club,21+
"Saturday, March 7, 2020",8:00 pm,LUCKY CHOPS,https://first-avenue.com/event/2020/03/luckychops,https://first-avenue.com/sites/default/files/styles/thumbnail/public/images/events/Lucky-Chops-tour-534x600web.jpg?itok=yrxa-xnj,https://first-avenue.com/event/2020/03/luckychops,with KING PARI,$15.00,$17.00,Sold Out,,7th St Entry,https://first-avenue.com/venue/entry,18+
"Saturday, March 7, 2020",8:30 pm,CARNAVAL BRASILEIRO,https://first-avenue.com/event/2020/03/carnavalbrasileiro,https://first-avenue.com/sites/default/files/styles/thumbnail/public/images/events/CarnvalBrasileiro-030720-387x600v2.jpg?itok=FJxbrOFk,https://first-avenue.com/event/2020/03/carnavalbrasileiro,"with Brazilian martial arts group CAPOEIRA FLORAÇÃO, ROBERT EVEREST & BEIRA MAR BRASIL, DANDARA ODARA, Brazilian Percussion Ensemble BATUCADA DO NORTE, samba dancers/instructors EDILSON LIMA & TAMMY CHIARELLI and MORE",$25.00,$30.00,Buy Tickets,https://www.etix.com/ticket/p/7383381/carnaval-brasileiro-minneapolis-fine-line?cobrand=first-avenue,Fine Line,https://first-avenue.com/venue/fineline,18+
"Sunday, March 8, 2020",1:00 pm,National Geographic Live — Life on the Vertical,https://first-avenue.com/event/2020/03/natgeolive,https://first-avenue.com/sites/default/files/styles/thumbnail/public/images/events/NatGeoMark-030820-388x600web.jpg?itok=cal4LAlL,https://first-avenue.com/event/2020/03/natgeolive,with MARK SYNNOTT,,,Buy Tickets,https://www.etix.com/ticket/p/6538464/national-geographic-live-mark-synnott-minneapolis-the-fitzgerald-theater?cobrand=first-avenue,The Fitzgerald Theater,https://first-avenue.com/venue/fitzgerald-theater,ALL AGES
"Sunday, March 8, 2020",6:00 pm,LIV WARFIELD,https://first-avenue.com/event/2020/03/livwarfield,https://first-avenue.com/sites/default/files/styles/thumbnail/public/images/events/Liv_Warfield_2018_Photo_By_Joe_Lemke_003-600x517crop.jpg?itok=6IbDeztg,https://first-avenue.com/event/2020/03/livwarfield,with #MPLS,$30.00,$35.00,Buy Tickets,https://www.etix.com/ticket/p/8596341/liv-warfield-minneapolis-fine-line?cobrand=first-avenue,Fine Line,https://first-avenue.com/venue/fineline,18+
"Sunday, March 8, 2020",7:00 pm,LOWER DENS,https://first-avenue.com/event/2020/03/lowerdens,https://first-avenue.com/sites/default/files/styles/thumbnail/public/images/events/LowerDens-1114-PC-Yassine-El-Mansouri-grass-600crop.jpg?itok=O8TTFMEk,https://first-avenue.com/event/2020/03/lowerdens,with :3lON,,$17.00,Buy Tickets,https://www.etix.com/ticket/p/6210244/lower-denswith-3lon-minneapolis-7th-st-entry?cobrand=first-avenue,7th St Entry,https://first-avenue.com/venue/entry,18+
"Sunday, March 8, 2020",7:30 pm,THE MATTSON 2,https://first-avenue.com/event/2020/03/mattson2,https://first-avenue.com/sites/default/files/styles/thumbnail/public/images/events/2020-M2-Tour-Press-Photo-3-Credit-Mark-Wiitanen-600crop.jpg?itok=Sp_AakAr,https://first-avenue.com/event/2020/03/mattson2,with BONZAI BABY,$12.00,$15.00,Buy Tickets,https://www.etix.com/ticket/p/8717468/the-mattson-2-stpaul-turf-club?cobrand=first-avenue,Turf Club,https://first-avenue.com/venue/turf-club,21+
"Monday, March 9, 2020",7:00 pm,BEST COAST — The Always Tomorrow Tour,https://first-avenue.com/event/2020/03/bestcoast,https://first-avenue.com/sites/default/files/styles/thumbnail/public/images/events/BestCoast-030920-388x600web.jpg?itok=OB-mnrf_,https://first-avenue.com/event/2020/03/bestcoast,with MANNEQUIN PUSSY,,$20.00,Buy Tickets,https://www.etix.com/ticket/p/5846953/best-coastwith-mannequin-pussy-minneapolis-first-avenue?cobrand=first-avenue,Mainroom,https://first-avenue.com/venue/mainroom,18+
"Monday, March 9, 2020",7:00 pm,CHRISTIAN FRENCH: Bright Side of the Moon Tour Part 2,https://first-avenue.com/event/2020/03/christianfrench,https://first-avenue.com/sites/default/files/styles/thumbnail/public/images/events/ChristianFrench-030920-388x600web.jpg?itok=MsKLv3lH,https://first-avenue.com/event/2020/03/christianfrench,with RENCE,$12.00,$15.00,Sold Out,,7th St Entry,https://first-avenue.com/venue/entry,18+
"Tuesday, March 10, 2020",6:30 pm,WILCO — Ode To Joy Tour,https://first-avenue.com/event/2020/03/wilco-duluth,https://first-avenue.com/sites/default/files/styles/thumbnail/public/images/events/Wilco-031020-388x600v2.jpg?itok=WiQgbPEn,https://first-avenue.com/event/2020/03/wilco-duluth,with KACY & CLAYTON,,$49.50,Buy Tickets,https://www.ticketmaster.com/event/06005777CC4152E9,DECC - Symphony Hall,https://first-avenue.com/venue/symphony-hall-decc,ALL AGES
"Tuesday, March 10, 2020",7:00 pm,THE DIRTY KNOBS WITH MIKE CAMPBELL,https://first-avenue.com/event/2020/03/thedirtyknobs-mikecampbell,https://first-avenue.com/sites/default/files/styles/thumbnail/public/images/events/DirtyKnobs-031020-387x600v2.jpg?itok=lF9Zvju4,https://first-avenue.com/event/2020/03/thedirtyknobs-mikecampbell,with JEREMY IVEY,$35.00,$50.00,Buy Tickets,https://www.etix.com/ticket/p/3614767/first-avenue-and-jam-present-the-dirty-knobs-with-mike-campbell-minneapolis-fine-line?cobrand=first-avenue,Fine Line,https://first-avenue.com/venue/fineline,18+
"Tuesday, March 10, 2020",7:00 pm,BILLY RAFFOUL,https://first-avenue.com/event/2020/03/billyraffoul,https://first-avenue.com/sites/default/files/styles/thumbnail/public/images/events/BillyRaffoul-031020-388x600web.jpg?itok=zxMe7xRG,https://first-avenue.com/event/2020/03/billyraffoul,with COLIN BRACEWELL,,$15.00,Buy Tickets,https://www.etix.com/ticket/p/8554915/billy-raffoul-minneapolis-7th-st-entry?cobrand=first-avenue,7th St Entry,https://first-avenue.com/venue/entry,18+
"Wednesday, March 11, 2020",7:00 pm,of Montreal,https://first-avenue.com/event/2020/03/ofMontreal,https://first-avenue.com/sites/default/files/styles/thumbnail/public/images/events/ofMontreal-031120-388x600web.jpg?itok=AKr206pR,https://first-avenue.com/event/2020/03/ofMontreal,with LILY AND HORN HORSE,$22.00,$25.00,Buy Tickets,https://www.etix.com/ticket/p/3154297/of-montrealwith-lily-and-horn-horse-minneapolis-fine-line?cobrand=first-avenue,Fine Line,https://first-avenue.com/venue/fineline,18+
"Wednesday, March 11, 2020",7:30 pm,BONGZILLA,https://first-avenue.com/event/2020/03/bongzilla,https://first-avenue.com/sites/default/files/styles/thumbnail/public/images/events/Bongzilla-031120-387x600web.jpg?itok=75Wf6HhL,https://first-avenue.com/event/2020/03/bongzilla,with LORD DYING,$18.00,$20.00,Buy Tickets,https://www.etix.com/ticket/p/6316810/bongzillawith-lord-dying-minneapolis-7th-st-entry?cobrand=first-avenue,7th St Entry,https://first-avenue.com/venue/entry,18+
"Thursday, March 12, 2020",6:00 pm,CHELSEA CUTLER: How To Be Human Tour,https://first-avenue.com/event/2020/03/chelseacutler,https://first-avenue.com/sites/default/files/styles/thumbnail/public/images/events/ChelseaCutler-ChelseaCutler-031220-388x600v2.jpg?itok=Q8fK2Nig,https://first-avenue.com/event/2020/03/chelseacutler,with special guest ALEXANDER 23 and X LOVERS,$21.00,$26.00,Sold Out,,Mainroom,https://first-avenue.com/venue/mainroom,ALL AGES
"Thursday, March 12, 2020",7:00 pm,MURDER BY DEATH 20th Anniversary,https://first-avenue.com/event/2020/03/murderbydeath,https://first-avenue.com/sites/default/files/styles/thumbnail/public/images/events/MurderByDeath-031220-388x600v2.jpg?itok=xRNL_E4F,https://first-avenue.com/event/2020/03/murderbydeath,with AMIGO THE DEVIL,$22.00,$25.00,Buy Tickets,https://www.etix.com/ticket/p/7191595/murder-by-death-20th-anniversary-minneapolis-cedar-cultural-center?cobrand=first-avenue,The Cedar Cultural Center,https://first-avenue.com/venue/cedar,ALL AGES
"Thursday, March 12, 2020",7:00 pm,COLONY HOUSE — Leave What's Lost Behind Tour,https://first-avenue.com/event/2020/03/colonyhouse,https://first-avenue.com/sites/default/files/styles/thumbnail/public/images/events/ColonyHouse-031220-388x600web.jpg?itok=pB0ZLKLb,https://first-avenue.com/event/2020/03/colonyhouse,with TYSON MOTSENBOCKER,$16.00,$18.00,Buy Tickets,https://www.etix.com/ticket/p/6538997/colony-house-the-leave-whats-lost-behind-tour-minneapolis-fine-line?cobrand=first-avenue,Fine Line,https://first-avenue.com/venue/fineline,18+
"Thursday, March 12, 2020",7:00 pm,WISH YOU WERE HERE,https://first-avenue.com/event/2020/03/wishyouwerehere,https://first-avenue.com/sites/default/files/styles/thumbnail/public/images/events/WishYouWereHere-031220-387x600web.jpg?itok=vFyk5N4U,https://first-avenue.com/event/2020/03/wishyouwerehere,with DEREK TED and DAVE MEHLING,,$12.00,Buy Tickets,https://www.etix.com/ticket/p/3788707/wish-you-were-here-stpaul-turf-club?cobrand=first-avenue,Turf Club,https://first-avenue.com/venue/turf-club,21+
"Thursday, March 12, 2020",7:30 pm,GLADIE (CANCELED),https://first-avenue.com/event/2020/01/gladie,https://first-avenue.com/sites/default/files/styles/thumbnail/public/images/events/gladie_1-2-600web.jpg?itok=ExwDut_x,https://first-avenue.com/event/2020/01/gladie,with PALM FRIENDS,$10.00,$13.00,Buy Tickets,,7th St Entry,https://first-avenue.com/venue/entry,18+
"Friday, March 13, 2020",7:00 pm,ZZ WARD,https://first-avenue.com/event/2020/03/zzward,https://first-avenue.com/sites/default/files/styles/thumbnail/public/images/events/ZZWard-031320-387x600web.jpg?itok=2-YxVNSj,https://first-avenue.com/event/2020/03/zzward,with PATRICK DRONEY,,$29.50,Buy Tickets,https://www.etix.com/ticket/p/8165745/zz-wardwith-patrick-droney-minneapolis-first-avenue?cobrand=first-avenue,Mainroom,https://first-avenue.com/venue/mainroom,18+
"Friday, March 13, 2020",7:30 pm,DRAGONFORCE,https://first-avenue.com/event/2020/03/dragonforce,https://first-avenue.com/sites/default/files/styles/thumbnail/public/images/events/Dragonforce-031320-388x600web.jpg?itok=xPRb3sCl,https://first-avenue.com/event/2020/03/dragonforce,with UNLEASH THE ARCHERS,$22.50,$25.00,Sold Out,,Fine Line,https://first-avenue.com/venue/fineline,18+
"Friday, March 13, 2020",8:00 pm,SOLID GOLD,https://first-avenue.com/event/2020/03/solidgold,https://first-avenue.com/sites/default/files/styles/thumbnail/public/images/events/SolidGold-031320-388x600web.jpg?itok=iCQrEjig,https://first-avenue.com/event/2020/03/solidgold,with MONICA LAPLANTE,,$15.00,Sold Out,,Turf Club,https://first-avenue.com/venue/turf-club,21+
"Friday, March 13, 2020",8:00 pm,BLOCKHEAD,https://first-avenue.com/event/2020/03/blockhead,https://first-avenue.com/sites/default/files/styles/thumbnail/public/images/events/Blockhead-031320-388x600v2.jpg?itok=eSfahx9V,https://first-avenue.com/event/2020/03/blockhead,with SHRIMPNOSE,$16.00,$18.00,Buy Tickets,https://www.etix.com/ticket/p/7472190/blockhead-minneapolis-7th-st-entry?cobrand=first-avenue,7th St Entry,https://first-avenue.com/venue/entry,18+
"Saturday, March 14, 2020",6:30 pm,GLITTERATTI,https://first-avenue.com/event/2020/03/glitteratti,https://first-avenue.com/sites/default/files/styles/thumbnail/public/images/events/Glitteratti-031420-387x600web.jpg?itok=Q-KkRuID,https://first-avenue.com/event/2020/03/glitteratti,with LYDIA LIZA,,$10.00,Buy Tickets,https://www.etix.com/ticket/p/3853740/glitteratti-minneapolis-7th-st-entry?cobrand=first-avenue,7th St Entry,https://first-avenue.com/venue/entry,18+
"Saturday, March 14, 2020",7:00 pm,DRIVE-BY TRUCKERS,https://first-avenue.com/event/2020/03/drivebytruckers,https://first-avenue.com/sites/default/files/styles/thumbnail/public/images/events/DriveByTruckers-031420-388x600web.jpg?itok=OZ_u35Gs,https://first-avenue.com/event/2020/03/drivebytruckers,with KELSEY WALDON,$29.50,$45.00,Buy Tickets,https://www.etix.com/ticket/p/2279825/driveby-truckers-stpaul-palace-theatre?cobrand=first-avenue,Palace Theatre,https://first-avenue.com/venue/palace-theatre,18+
"Saturday, March 14, 2020",7:00 pm,Entre Nos 2020 Live Tour Sponsored by HBO Latino,https://first-avenue.com/event/2020/03/entrenos,https://first-avenue.com/sites/default/files/styles/thumbnail/public/images/events/EN_Artwork_Minneapolis_v1-480web.jpg?itok=PLDac_KF,https://first-avenue.com/event/2020/03/entrenos,"with AIDA RODRIGUEZ, ERIK RIVERA and JERRY GARCIA",$25.00,$55.00,Buy Tickets,https://www.etix.com/ticket/p/3008860/entre-nos-2020-live-tour-sponsored-by-hbo--minneapolis-the-parkway-theater?cobrand=first-avenue,Parkway Theater,https://first-avenue.com/venue/parkway-theater,ALL AGES
"Saturday, March 14, 2020",8:00 pm,GASHI: The New Album Tour (CANCELED),https://first-avenue.com/event/2020/03/gashi,https://first-avenue.com/sites/default/files/styles/thumbnail/public/images/events/Gashi-031420-388x600web.jpg?itok=GiY2uxWe,https://first-avenue.com/event/2020/03/gashi,,$20.00,$35.00,Buy Tickets,,Fine Line,https://first-avenue.com/venue/fineline,18+
"Saturday, March 14, 2020",8:00 pm,ADAM GREEN,https://first-avenue.com/event/2020/03/adamgreen,https://first-avenue.com/sites/default/files/styles/thumbnail/public/images/events/2019-10-28-Adam-Green-Sebastian-Madej-600crop.jpg?itok=5QsiIbZc,https://first-avenue.com/event/2020/03/adamgreen,with NATION OF LANGUAGE,$17.00,$20.00,Buy Tickets,https://www.etix.com/ticket/p/8255295/adam-green-stpaul-turf-club?cobrand=first-avenue,Turf Club,https://first-avenue.com/venue/turf-club,21+
"Saturday, March 14, 2020",8:00 pm,SHELLAC,https://first-avenue.com/event/2020/03/shellac,https://first-avenue.com/sites/default/files/styles/thumbnail/public/images/events/shellac600t.jpg?itok=PGsv2N-r,https://first-avenue.com/event/2020/03/shellac,with LOKI’S FOLLY,,$18.00,Buy Tickets,https://www.etix.com/ticket/p/4182070/shellac-minneapolis-first-avenue?cobrand=first-avenue,Mainroom,https://first-avenue.com/venue/mainroom,18+
"Sunday, March 15, 2020",7:00 pm,BEAR HANDS,https://first-avenue.com/event/2020/03/bearhands,https://first-avenue.com/sites/default/files/styles/thumbnail/public/images/events/BH_46-600crop-logo-JessicaLehrman.jpg?itok=AmcAFNgy,https://first-avenue.com/event/2020/03/bearhands,with IRONTOM,$18.00,$20.00,Buy Tickets,https://www.etix.com/ticket/p/8124054/bear-hands-minneapolis-fine-line?cobrand=first-avenue,Fine Line,https://first-avenue.com/venue/fineline,18+
"Sunday, March 15, 2020",7:00 pm,FLYING BUFFALOES,https://first-avenue.com/event/2020/03/flyingbuffaloes,https://first-avenue.com/sites/default/files/styles/thumbnail/public/images/events/FlyingBuffaloes_Promo_2019-600crop.jpg?itok=vGj6T5o3,https://first-avenue.com/event/2020/03/flyingbuffaloes,with THE PLOTT HOUNDS,,$14.00,Buy Tickets,https://www.etix.com/ticket/p/5364508/flying-buffaloes-stpaul-turf-club?cobrand=first-avenue,Turf Club,https://first-avenue.com/venue/turf-club,21+
"Sunday, March 15, 2020",7:00 pm,bbno$’s ‘epic tour name’ tour,https://first-avenue.com/event/2020/03/bbnos,https://first-avenue.com/sites/default/files/styles/thumbnail/public/images/events/bbnos-031520-388x600web.jpg?itok=1HAV-p0J,https://first-avenue.com/event/2020/03/bbnos,with LENTRA,,$18.00,Sold Out,,7th St Entry,https://first-avenue.com/venue/entry,18+
"Monday, March 16, 2020",7:00 pm,ALLEN STONE — Building Balance Tour,https://first-avenue.com/event/2020/03/allenstone,https://first-avenue.com/sites/default/files/styles/thumbnail/public/images/events/AllenStone-031620-388x600web.jpg?itok=Rc9Fpn5D,https://first-avenue.com/event/2020/03/allenstone,with SAMM HENSHAW,$29.50,$35.00,Buy Tickets,https://www.etix.com/ticket/p/4868868/allen-stone-building-balance-tour-minneapolis-first-avenue?cobrand=first-avenue,Mainroom,https://first-avenue.com/venue/mainroom,18+
"Monday, March 16, 2020",7:00 pm,THE REVEREND PEYTON’S BIG DAMN BAND,https://first-avenue.com/event/2020/03/bigdamnband,https://first-avenue.com/sites/default/files/styles/thumbnail/public/images/events/RevPeyton-031620-388x600web.jpg?itok=WcKl1LvD,https://first-avenue.com/event/2020/03/bigdamnband,with WILKINSON JAMES,$16.00,$18.00,Buy Tickets,https://www.etix.com/ticket/p/3959137/the-reverend-peytons-big-damn-band-stpaul-turf-club?cobrand=turfclub,Turf Club,https://first-avenue.com/venue/turf-club,21+
"Monday, March 16, 2020",7:30 pm,ALINA MAIRA 'On The Table' Album Release Show,https://first-avenue.com/event/2020/03/alinamaira,https://first-avenue.com/sites/default/files/styles/thumbnail/public/images/events/20200120_alina-maira_eprelease_388x600web_0.jpg?itok=QNijLlko,https://first-avenue.com/event/2020/03/alinamaira,with JOSIAH DAVIE and BEN NOBLE,$10.00,$12.00,Buy Tickets,https://www.etix.com/ticket/p/5139750/alina-maira-on-the-tablealbum-release-showwith-josiah-davie-and-ben-noble-minneapolis-7th-st-entry?cobrand=first-avenue,7th St Entry,https://first-avenue.com/venue/entry,18+
"Monday, March 16, 2020",7:30 pm,OM,https://first-avenue.com/event/2020/03/om,https://first-avenue.com/sites/default/files/styles/thumbnail/public/images/events/OM-031520-388x600web.jpg?itok=ndp2vOZL,https://first-avenue.com/event/2020/03/om,with WOVENHAND,$20.00,$35.00,Buy Tickets,https://www.etix.com/ticket/p/4667388/omwith-wovenhand-minneapolis-fine-line?cobrand=first-avenue,Fine Line,https://first-avenue.com/venue/fineline,18+
"Tuesday, March 17, 2020",6:00 pm,LESLIE ODOM JR. — Stronger Magic Tour,https://first-avenue.com/event/2020/03/leslieodomjr,https://first-avenue.com/sites/default/files/styles/thumbnail/public/images/events/LeslieOdomJr-031720-388x600web.jpg?itok=wGyLaPp7,https://first-avenue.com/event/2020/03/leslieodomjr,with VICTORIA CANAL,$25.00,$30.00,Buy Tickets,https://www.etix.com/ticket/p/3327400/leslie-odom-jrstronger-magic-tour-minneapolis-fine-line?cobrand=first-avenue,Fine Line,https://first-avenue.com/venue/fineline,ALL AGES
"Tuesday, March 17, 2020",6:30 pm,An Evening with GAELIC STORM,https://first-avenue.com/event/2020/03/gaelicstorm,https://first-avenue.com/sites/default/files/styles/thumbnail/public/images/events/GaelicStorm-031720-388x600web.jpg?itok=QpMlUD0a,https://first-avenue.com/event/2020/03/gaelicstorm,,,,Buy Tickets,https://www.etix.com/ticket/p/6648406/an-evening-with-gaelic-storm-minneapolis-the-fitzgerald-theater?cobrand=first-avenue,The Fitzgerald Theater,https://first-avenue.com/venue/fitzgerald-theater,ALL AGES
"Tuesday, March 17, 2020",7:00 pm,R.LUM.R (CANCELED),https://first-avenue.com/event/2020/03/rlumr,https://first-avenue.com/sites/default/files/styles/thumbnail/public/images/events/RLUMR-031720-388x600web_0.jpg?itok=YCttNk1Z,https://first-avenue.com/event/2020/03/rlumr,,,$15.00,Buy Tickets,,7th St Entry,https://first-avenue.com/venue/entry,18+
"Tuesday, March 17, 2020",7:30 pm,"THE AFTERGREENS, RUNAWAY RICOCHET, CHARLIE DOESN’T SURF, and HONEY HOLE",https://first-avenue.com/event/2020/03/theaftergreens,https://first-avenue.com/sites/default/files/styles/thumbnail/public/images/events/Entry031720-600web.jpg?itok=C_5LCpZP,https://first-avenue.com/event/2020/03/theaftergreens,,,$10.00,Buy Tickets,https://www.etix.com/ticket/p/4529215/the-aftergreensrunaway-ricochetcharlie-doesnt-surfand-honey-hole-minneapolis-7th-st-entry?cobrand=first-avenue,7th St Entry,https://first-avenue.com/venue/entry,18+
"Tuesday, March 17, 2020",7:30 pm,St. Patrick's Day with THE PROVISIONAL and THE SERFS,https://first-avenue.com/event/2020/03/stpatricksday,https://first-avenue.com/sites/default/files/styles/thumbnail/public/images/events/Provisional-Serfs-031720-387x600web.jpg?itok=U4jnR2qL,https://first-avenue.com/event/2020/03/stpatricksday,,,$10.00,Buy Tickets,https://www.etix.com/ticket/p/3797738/stpatricks-day-with-the-provisional-and-the-serfs-stpaul-turf-club?cobrand=turfclub,Turf Club,https://first-avenue.com/venue/turf-club,21+
"Wednesday, March 18, 2020",6:30 pm,The Songs of GRANT HART,https://first-avenue.com/event/2020/03/granthart-tribute,https://first-avenue.com/sites/default/files/styles/thumbnail/public/images/events/GrantHart-031820-387x600web.jpg?itok=LWE-WMp_,https://first-avenue.com/event/2020/03/granthart-tribute,"with BOY DIRT CAR, GIRLSES MOMS, SONS OF GLORIA, THE GLANDOLINIAN ARMY BAND, ALMOST EVERY TUESDAY, RANK STRANGERS, TEENAGE STRANGLER and MORE",$10.00,$12.00,Buy Tickets,https://www.etix.com/ticket/p/2511413/the-songs-of-grant-hart-with-boy-dirt-cargirlses-momssons-of-gloriathe-glandolinian-army-bandand-more-minneapolis-7th-st-entry?cobrand=first-avenue,7th St Entry,https://first-avenue.com/venue/entry,18+
"Wednesday, March 18, 2020",7:00 pm,LISA LANDUCCI and STEVE PEAVEY,https://first-avenue.com/event/2020/03/lisalanducci-stevepeavey,https://first-avenue.com/sites/default/files/styles/thumbnail/public/images/events/LisaLanducci-031820-387x600web.jpg?itok=SFE5iFlf,https://first-avenue.com/event/2020/03/lisalanducci-stevepeavey,,,$15.00,Buy Tickets,https://www.etix.com/ticket/p/7308900/lisa-landucci-and-steve-peavey-stpaul-turf-club?cobrand=first-avenue,Turf Club,https://first-avenue.com/venue/turf-club,21+
"Wednesday, March 18, 2020",8:00 pm,TAMINO,https://first-avenue.com/event/2020/03/tamino,https://first-avenue.com/sites/default/files/styles/thumbnail/public/images/events/Tamino-031820-453x600web.jpg?itok=KXk-X-MF,https://first-avenue.com/event/2020/03/tamino,with HALEY,$15.00,$17.00,Buy Tickets,https://www.etix.com/ticket/p/7984520/tamino-minneapolis-icehouse-mpls?cobrand=first-avenue,icehouse MPLS,https://first-avenue.com/venue/icehouse,21+
"Thursday, March 19, 2020",6:00 pm,DEVIN TOWNSEND — Empath Vol. 1 North American Tour ,https://first-avenue.com/event/2020/03/devintownsend,https://first-avenue.com/sites/default/files/styles/thumbnail/public/images/events/DevinTownsend-031920-387x600v2.jpg?itok=4vA_dlTd,https://first-avenue.com/event/2020/03/devintownsend,with HAKEN and THE CONTORTIONIST,$25.00,$27.00,Buy Tickets,https://www.etix.com/ticket/p/6431450/devin-townsendempath-vol1-north-american-tourwith-haken-and-the-contortionist-minneapolis-first-avenue?cobrand=first-avenue,Mainroom,https://first-avenue.com/venue/mainroom,18+
"Thursday, March 19, 2020",7:00 pm,TC PRIDE Battle of the Bands,https://first-avenue.com/event/2020/03/tcpride-battleofthebands,https://first-avenue.com/sites/default/files/styles/thumbnail/public/images/events/BattleBands_v6-600x338web.jpg?itok=5K3f4UwH,https://first-avenue.com/event/2020/03/tcpride-battleofthebands,"with BLACC PHOENIX, FLOODWATER ANGEL, HOT PINK HANGOVER and TIMISAROCKER",$10.00,$25.00,Buy Tickets,https://www.etix.com/ticket/p/7087895/tc-pride-battle-of-the-bands-minneapolis-fine-line?cobrand=first-avenue,Fine Line,https://first-avenue.com/venue/fineline,18+
"Thursday, March 19, 2020",7:00 pm,DUMB PEOPLE TOWN,https://first-avenue.com/event/2020/03/dumbpeopletown,https://first-avenue.com/sites/default/files/styles/thumbnail/public/images/events/dumbpeopletown-600web.jpg?itok=6uDbSKWs,https://first-avenue.com/event/2020/03/dumbpeopletown,"with Mystery Science Theater 3000 Alums BILL CORBETT, MIKE NELSON, and KEVIN MURPHY and THE CACTUS BLOSSOMS",$29.50,$65.00,Buy Tickets,https://www.etix.com/ticket/p/6915577/dumb-people-town-minneapolis-cedar-cultural-center?cobrand=first-avenue,The Cedar Cultural Center,https://first-avenue.com/venue/cedar,ALL AGES
"Thursday, March 19, 2020",7:00 pm,THE BOMBPOPS,https://first-avenue.com/event/2020/03/thebombpops,https://first-avenue.com/sites/default/files/styles/thumbnail/public/images/events/Bombpops-admat-031920-548x600web.jpg?itok=b6KELSaF,https://first-avenue.com/event/2020/03/thebombpops,"with TIGHTWIRE, BILLY LIAR and VIAL",$12.00,$15.00,Buy Tickets,https://www.etix.com/ticket/p/2262299/the-bombpopswith-tightwire-and-billy-liar-minneapolis-7th-st-entry?cobrand=first-avenue,7th St Entry,https://first-avenue.com/venue/entry,18+
"Thursday, March 19, 2020",7:30 pm,NORA JANE STRUTHERS,https://first-avenue.com/event/2020/03/norajanestruthers,https://first-avenue.com/sites/default/files/styles/thumbnail/public/images/events/NoraJaneStruthers-031920-600x387web.jpg?itok=Fz8YVy99,https://first-avenue.com/event/2020/03/norajanestruthers,with MINNESOTA BLUEGRASS BAND,,$12.00,Buy Tickets,https://www.etix.com/ticket/p/6891991/nora-jane-struthers-stpaul-turf-club?cobrand=first-avenue,Turf Club,https://first-avenue.com/venue/turf-club,21+
"Friday, March 20, 2020",6:30 pm,OLIVIA O’BRIEN — It Was A Sad F**king Tour,https://first-avenue.com/event/2020/03/oliviaobrien,https://first-avenue.com/sites/default/files/styles/thumbnail/public/images/events/OliviaOBrien-032020-387x600web.jpg?itok=YXZ2btAy,https://first-avenue.com/event/2020/03/oliviaobrien,with HEY VIOLET,$22.00,$25.00,Sold Out,,Fine Line,https://first-avenue.com/venue/fineline,ALL AGES
"Friday, March 20, 2020",8:00 pm,SHING02 & THE CHEE-HOOS: A Tribute To Nujabes,https://first-avenue.com/event/2020/03/shing02,https://first-avenue.com/sites/default/files/styles/thumbnail/public/images/events/Shing02-Press-600crop.jpg?itok=czegYbXz,https://first-avenue.com/event/2020/03/shing02,,$16.00,$18.00,Buy Tickets,https://www.etix.com/ticket/p/4961005/shing02-the-cheehoosa-tribute-to-nujabes-stpaul-turf-club?cobrand=first-avenue,Turf Club,https://first-avenue.com/venue/turf-club,21+
"Friday, March 20, 2020",8:00 pm,PALEHOUND,https://first-avenue.com/event/2020/03/palehound,https://first-avenue.com/sites/default/files/styles/thumbnail/public/images/events/Palehound-032020-388x600web.jpg?itok=nQriQKb6,https://first-avenue.com/event/2020/03/palehound,with ADULT MOM,$13.00,$15.00,Buy Tickets,https://www.etix.com/ticket/p/6097579/palehoundwith-adult-mom-minneapolis-7th-st-entry?cobrand=first-avenue,7th St Entry,https://first-avenue.com/venue/entry,18+
"Friday, March 20, 2020",9:30 pm,HEY MA! A Throwback 2000s Party ft. DJ ADVANCE and friends,https://first-avenue.com/event/2020/03/heyma,https://first-avenue.com/sites/default/files/styles/thumbnail/public/images/events/HeyMa-032020-387x600web.jpg?itok=E4IgIWhY,https://first-avenue.com/event/2020/03/heyma,with RAY MILLS and DJ MCSHELLEN,$10.00,$15.00,Buy Tickets,https://www.etix.com/ticket/p/8874746/hey-maa-throwback-2000s-party-featuring-dj-advance-and-friends-minneapolis-first-avenue?cobrand=first-avenue,Mainroom,https://first-avenue.com/venue/mainroom,18+
"Saturday, March 21, 2020",12:00 pm,MINNESOTA UNITED FC v MONTREAL IMPACT,https://first-avenue.com/event/2020/03/mnunited-vs-impact,https://first-avenue.com/sites/default/files/styles/thumbnail/public/images/events/Minnesota_United_FC_600web.jpg?itok=LOpww1N7,https://first-avenue.com/event/2020/03/mnunited-vs-impact,,,,Buy Tickets,,Turf Club,https://first-avenue.com/venue/turf-club,ALL AGES
"Saturday, March 21, 2020",6:30 pm,EARLY EYES,https://first-avenue.com/event/2020/03/earlyeyes,https://first-avenue.com/sites/default/files/styles/thumbnail/public/images/events/EarlyEyes-032120-387x600web.jpg?itok=PABULQWi,https://first-avenue.com/event/2020/03/earlyeyes,with KEEP FOR CHEAP and LAPDOGS,$15.00,$18.00,Buy Tickets,https://www.etix.com/ticket/p/6049500/early-eyeswith-keep-for-cheap-and-lapdogs-stpaul-amsterdam-bar-hall?cobrand=first-avenue,Amsterdam Bar & Hall,https://first-avenue.com/venue/amsterdam,ALL AGES
"Saturday, March 21, 2020",7:00 pm,ZOSO — The Ultimate LED ZEPPELIN Experience,https://first-avenue.com/event/2020/03/zoso,https://first-avenue.com/sites/default/files/styles/thumbnail/public/images/events/Zoso-032119-388x600web.jpg?itok=tYkBy1Oi,https://first-avenue.com/event/2020/03/zoso,with LITTLE MAN,$20.00,$25.00,Buy Tickets,https://www.etix.com/ticket/p/8951510/zoso-the-ultimate-led-zeppelin-experience-minneapolis-fine-line?cobrand=first-avenue,Fine Line,https://first-avenue.com/venue/fineline,18+
"Saturday, March 21, 2020",7:00 pm,WINE & CRIME PODCAST,https://first-avenue.com/event/2020/03/wineandcrime,https://first-avenue.com/sites/default/files/styles/thumbnail/public/images/events/Wine-And-Crime-104-600logo.jpg?itok=x8vp56Ac,https://first-avenue.com/event/2020/03/wineandcrime,,,,Buy Tickets,https://www.etix.com/ticket/p/7983510/wine-crime-podcast-minneapolis-the-fitzgerald-theater?cobrand=first-avenue,The Fitzgerald Theater,https://first-avenue.com/venue/fitzgerald-theater,ALL AGES
"Saturday, March 21, 2020",8:00 pm,THE DISTRICTS,https://first-avenue.com/event/2020/03/thedistricts,https://first-avenue.com/sites/default/files/styles/thumbnail/public/images/events/The-Districts-032120-600x480web.jpg?itok=z0evXRlw,https://first-avenue.com/event/2020/03/thedistricts,with AND THE KIDS,$18.00,$20.00,Buy Tickets,https://www.etix.com/ticket/p/5164945/the-districtswith-and-the-kids-stpaul-turf-club?cobrand=first-avenue,Turf Club,https://first-avenue.com/venue/turf-club,21+
"Saturday, March 21, 2020",9:00 pm,TRANSMISSION’s Big Adventure — A 19th Anniversary Dance Party with DJ JAKE RUDH,https://first-avenue.com/event/2020/03/transmission,https://first-avenue.com/sites/default/files/styles/thumbnail/public/images/events/TransmissionsBigAdventure-600x398web.jpg?itok=1mDEZ1_6,https://first-avenue.com/event/2020/03/transmission,,$10.00,$12.00,Buy Tickets,https://www.etix.com/ticket/p/3336199/transmissions-big-adventure-a-19th-anniversary-dance-party-with-dj-jake-rudh-minneapolis-first-avenue?cobrand=first-avenue,Mainroom,https://first-avenue.com/venue/mainroom,18+
"Sunday, March 22, 2020",7:00 pm,TROUT STEAK REVIVAL,https://first-avenue.com/event/2020/03/troutsteakrevival,https://first-avenue.com/sites/default/files/styles/thumbnail/public/images/events/TSR_032220-391x600web.jpg?itok=1kJqA7jo,https://first-avenue.com/event/2020/03/troutsteakrevival,with CORPSE REVIVER,,$15.00,Buy Tickets,https://www.etix.com/ticket/p/4651615/trout-steak-revival-stpaul-turf-club?cobrand=first-avenue,Turf Club,https://first-avenue.com/venue/turf-club,21+
"Sunday, March 22, 2020",7:00 pm,VUNDABAR,https://first-avenue.com/event/2020/03/vundabar,https://first-avenue.com/sites/default/files/styles/thumbnail/public/images/events/Vundabar-032220-388x600web.jpg?itok=kSDLeNIe,https://first-avenue.com/event/2020/03/vundabar,with BOYSCOTT and THE OPHELIAS,$16.00,$18.00,Buy Tickets,https://www.etix.com/ticket/p/2975518/vundabarwith-boyscott-and-the-ophelias-minneapolis-7th-st-entry?cobrand=first-avenue,7th St Entry,https://first-avenue.com/venue/entry,18+
"Monday, March 23, 2020",7:00 pm,WELCOME TO NIGHT VALE,https://first-avenue.com/event/2020/03/welcometonightvale,https://first-avenue.com/sites/default/files/styles/thumbnail/public/images/events/WelcometoNightVale-032320-387x600web.jpg?itok=pYD9rd5C,https://first-avenue.com/event/2020/03/welcometonightvale,with ELIZA RICKMAN,,$32.50,Buy Tickets,https://www.etix.com/ticket/p/6681917/welcome-to-night-vale-minneapolis-the-fitzgerald-theater?cobrand=first-avenue,The Fitzgerald Theater,https://first-avenue.com/venue/fitzgerald-theater,ALL AGES
"Monday, March 23, 2020",7:00 pm,HUNNY,https://first-avenue.com/event/2020/03/hunny,https://first-avenue.com/sites/default/files/styles/thumbnail/public/images/events/Hunny-032320-456x600web.jpg?itok=qXNg713A,https://first-avenue.com/event/2020/03/hunny,"with BAY FACTION, HEART TO GOLD and MUNDY’S BAY",$15.00,$17.00,Buy Tickets,https://www.etix.com/ticket/p/3725979/hunnywith-bay-faction-and-mundys-bay-minneapolis-7th-st-entry?cobrand=first-avenue,7th St Entry,https://first-avenue.com/venue/entry,18+
"Monday, March 23, 2020",7:00 pm,SILVERSUN PICKUPS,https://first-avenue.com/event/2020/03/silversunpickups,https://first-avenue.com/sites/default/files/styles/thumbnail/public/images/events/Silversun_Pickups-032220-462x600web.jpg?itok=ZFntFNJ7,https://first-avenue.com/event/2020/03/silversunpickups,with THE NEW REGIME,,$35.00,Buy Tickets,https://www.etix.com/ticket/p/6420252/silversun-pickups-minneapolis-first-avenue?cobrand=first-avenue,Mainroom,https://first-avenue.com/venue/mainroom,18+
"Tuesday, March 24, 2020",7:00 pm,FRAGILE CANYONS,https://first-avenue.com/event/2020/03/fragilecanyons,https://first-avenue.com/sites/default/files/styles/thumbnail/public/images/events/FragileCanyons-032420-387x600web.jpg?itok=Tz-tA58P,https://first-avenue.com/event/2020/03/fragilecanyons,with FAITH BOBLETT and STONE ARCH ISLES,$10.00,$12.00,Buy Tickets,https://www.etix.com/ticket/p/8555505/fragile-canyonswith-faith-boblett-and-stone-arch-isles-minneapolis-7th-st-entry?cobrand=first-avenue,7th St Entry,https://first-avenue.com/venue/entry,18+
"Tuesday, March 24, 2020",7:00 pm,AVI KAPLAN,https://first-avenue.com/event/2020/03/avikaplan,https://first-avenue.com/sites/default/files/styles/thumbnail/public/images/events/AviKaplan-032420-388x600web.jpg?itok=junp3FTb,https://first-avenue.com/event/2020/03/avikaplan,with PAPER WINGS,$18.00,$20.00,Sold Out,,The Cedar Cultural Center,https://first-avenue.com/venue/cedar,ALL AGES
"Tuesday, March 24, 2020",7:00 pm,ADELITAS WAY,https://first-avenue.com/event/2020/03/adelitasway,https://first-avenue.com/sites/default/files/styles/thumbnail/public/images/events/AdelitasWay-032420-387x600v2.jpg?itok=RqddA4im,https://first-avenue.com/event/2020/03/adelitasway,"with BLACKLITE DISTRICT, ANOTHER DAY DAWNS and TAKING DAWN",,$20.00,Buy Tickets,https://www.etix.com/ticket/p/5844607/adelitas-way-stpaul-turf-club?cobrand=first-avenue,Turf Club,https://first-avenue.com/venue/turf-club,21+
"Wednesday, March 25, 2020",7:00 pm,VÉRITÉ,https://first-avenue.com/event/2020/03/verite,https://first-avenue.com/sites/default/files/styles/thumbnail/public/images/events/Verite-032520-388x600web.jpg?itok=5ISmSR8i,https://first-avenue.com/event/2020/03/verite,with BIIANCO,$16.00,$18.00,Buy Tickets,https://www.etix.com/ticket/p/6358070/vérité-minneapolis-7th-st-entry?cobrand=first-avenue,7th St Entry,https://first-avenue.com/venue/entry,18+
"Wednesday, March 25, 2020",7:30 pm,A Collaboration Between UNIFORM & THE BODY,https://first-avenue.com/event/2020/03/uniform-thebody,https://first-avenue.com/sites/default/files/styles/thumbnail/public/images/events/UniformTheBody-032520-388x600web.jpg?itok=J1qdtrUA,https://first-avenue.com/event/2020/03/uniform-thebody,with DREAMDECAY and SANDWORM,,$15.00,Buy Tickets,https://www.etix.com/ticket/p/7286013/a-collaboration-between-uniform-the-body-stpaul-turf-club?cobrand=first-avenue,Turf Club,https://first-avenue.com/venue/turf-club,21+
"Wednesday, March 25, 2020",8:00 pm,THE UNLIKELY CANDIDATES,https://first-avenue.com/event/2020/03/theunlikelycandidates,https://first-avenue.com/sites/default/files/styles/thumbnail/public/images/events/UnlikelyCandidates-032520-387x600web.jpg?itok=67lNe44c,https://first-avenue.com/event/2020/03/theunlikelycandidates,with ZERO 9:36 and THE FEDERAL EMPIRE,$15.00,$17.00,Buy Tickets,https://www.etix.com/ticket/p/4766250/the-unlikely-candidates-minneapolis-icehouse-mpls?cobrand=first-avenue,icehouse MPLS,https://first-avenue.com/venue/icehouse,21+
"Thursday, March 26, 2020",7:00 pm,CHRIS RENZEMA — The Boxer & The Bear Tour,https://first-avenue.com/event/2020/03/chrisrenzema,https://first-avenue.com/sites/default/files/styles/thumbnail/public/images/events/ChrisRenzema-032620-388x600web.jpg?itok=SQK0MPWC,https://first-avenue.com/event/2020/03/chrisrenzema,with RY COX,$12.00,$15.00,Sold Out,,7th St Entry,https://first-avenue.com/venue/entry,18+
"Thursday, March 26, 2020",7:00 pm,VETIVER,https://first-avenue.com/event/2020/03/vetiver,https://first-avenue.com/sites/default/files/styles/thumbnail/public/images/events/Vetiver-032620-388x600web.jpg?itok=fONpRC8c,https://first-avenue.com/event/2020/03/vetiver,with KACEY JOHANSING,$15.00,$18.00,Buy Tickets,https://www.etix.com/ticket/p/4054427/vetiver-stpaul-turf-club?cobrand=first-avenue,Turf Club,https://first-avenue.com/venue/turf-club,21+
"Friday, March 27, 2020",7:00 pm,GARY GULMAN: Peace of Mind,https://first-avenue.com/event/2020/03/garygulman,https://first-avenue.com/sites/default/files/styles/thumbnail/public/images/events/GaryGulman-032720-388x600web.jpg?itok=W5pxNVlx,https://first-avenue.com/event/2020/03/garygulman,,,$20.00,Buy Tickets,https://www.etix.com/ticket/p/2984385/gary-gulmanpeace-of-mind-minneapolis-the-fitzgerald-theater?cobrand=first-avenue,The Fitzgerald Theater,https://first-avenue.com/venue/fitzgerald-theater,ALL AGES
"Friday, March 27, 2020",7:30 pm,NUR-D and GULLY BOYS,https://first-avenue.com/event/2020/03/nurd-gullyboys,https://first-avenue.com/sites/default/files/styles/thumbnail/public/images/events/NurDGullyBoys-032720-387x600web.jpg?itok=Xu-Wspzq,https://first-avenue.com/event/2020/03/nurd-gullyboys,with JOHN CHUCK AND THE CLASS,$15.00,$30.00,Buy Tickets,https://www.etix.com/ticket/p/2580773/nurd-and-gully-boyswith-john-chuck-and-the-class-minneapolis-fine-line?cobrand=first-avenue,Fine Line,https://first-avenue.com/venue/fineline,18+
"Friday, March 27, 2020",8:00 pm,SMELLS LIKE NIRVANA performing 'Nevermind',https://first-avenue.com/event/2020/03/smellslikenirvana,https://first-avenue.com/sites/default/files/styles/thumbnail/public/images/events/SmellsLikeNirvana-032720-387x600web.jpg?itok=9fWZwS0Z,https://first-avenue.com/event/2020/03/smellslikenirvana,with DEAD ORIGINAL and CIRCLE OF HEAT’s Tribute to RAGE AGAINST THE MACHINE (featuring D. MILLS and TREVOR ANDERSON on vocals),$15.00,$17.00,Buy Tickets,https://www.etix.com/ticket/p/3331762/smells-like-nirvana-performing-nevermind-stpaul-turf-club?cobrand=first-avenue,Turf Club,https://first-avenue.com/venue/turf-club,21+
"Friday, March 27, 2020",8:00 pm,GREEN/BLUE Record Release Show,https://first-avenue.com/event/2020/03/greenblue,https://first-avenue.com/sites/default/files/styles/thumbnail/public/images/events/GreenBlue-032720-387x600web.jpg?itok=NmUvk_wN,https://first-avenue.com/event/2020/03/greenblue,with IV and SNAKE WHIPS,,$10.00,Buy Tickets,https://www.etix.com/ticket/p/7365859/greenblue-record-release-showwith-ivand-snake-whips-minneapolis-7th-st-entry?cobrand=first-avenue,7th St Entry,https://first-avenue.com/venue/entry,18+
"Friday, March 27, 2020",9:30 pm,"SPICE-A-RAMA: GIRL GROUP BALL ft. music of Spice Girls, Destiny’s Child, Pussycat Dolls, and more",https://first-avenue.com/event/2020/03/flipphone,https://first-avenue.com/sites/default/files/styles/thumbnail/public/images/events/flipphone-spicearama-032720-388x600web.jpg?itok=kjvxKqsl,https://first-avenue.com/event/2020/03/flipphone,"with PRISCILLA S. YUICY, GENEVEE RAMONA LOVE, JULIA STARR and DJ IZZIE P",$12.00,$14.00,Buy Tickets,https://www.etix.com/ticket/p/7866728/spicearamagirl-group-ball-featuring-the-music-of-spice-girlsdestinys-childpussycat-dolls-and-more-minneapolis-first-avenue?cobrand=first-avenue,Mainroom,https://first-avenue.com/venue/mainroom,18+
"Saturday, March 28, 2020",7:00 pm,BUFFALO NICHOLS,https://first-avenue.com/event/2020/03/buffalonichols,https://first-avenue.com/sites/default/files/styles/thumbnail/public/images/events/buffalo-nichols-admat-600web.jpg?itok=emmmzitM,https://first-avenue.com/event/2020/03/buffalonichols,,,,Buy Tickets,,Turf Club,https://first-avenue.com/venue/turf-club,21+
"Saturday, March 28, 2020",7:00 pm,"ROBBY VEE, THE JORGENSENS, and PK MAYO (CANCELED)",https://first-avenue.com/event/2020/03/robbyvee-jorgensens-pkmayo,https://first-avenue.com/sites/default/files/styles/thumbnail/public/images/events/RobbyVee032820-387x600web.jpg?itok=ioCw6kjv,https://first-avenue.com/event/2020/03/robbyvee-jorgensens-pkmayo,,$15.00,$17.00,Buy Tickets,,Fine Line,https://first-avenue.com/venue/fineline,18+
"Saturday, March 28, 2020",8:00 pm,MATTIEL,https://first-avenue.com/event/2020/03/mattiel,https://first-avenue.com/sites/default/files/styles/thumbnail/public/images/events/Mattiel-032820-387x600web.jpg?itok=bck_eci6,https://first-avenue.com/event/2020/03/mattiel,with KISS THE TIGER,$13.00,$15.00,Buy Tickets,https://www.etix.com/ticket/p/3793509/mattiel-stpaul-turf-club?cobrand=first-avenue,Turf Club,https://first-avenue.com/venue/turf-club,21+
"Saturday, March 28, 2020",8:00 pm,KING BUFFALO — Dead Star Tour,https://first-avenue.com/event/2020/03/kingbuffalo,https://first-avenue.com/sites/default/files/styles/thumbnail/public/images/events/KingBuffalo-032820-387x600web.jpg?itok=B-AvkjkB,https://first-avenue.com/event/2020/03/kingbuffalo,with TRANSCENDENTAL STRANGERS? and DIIE,,$14.00,Buy Tickets,https://www.etix.com/ticket/p/5296391/king-buffalo-dead-star-tour-minneapolis-7th-st-entry?cobrand=first-avenue,7th St Entry,https://first-avenue.com/venue/entry,18+
"Saturday, March 28, 2020",9:30 pm,THE KLITUATION Celebrating Womxn’s Month,https://first-avenue.com/event/2020/03/klituation,https://first-avenue.com/sites/default/files/styles/thumbnail/public/images/events/womans-month-2020-480x600web.jpg?itok=4KDiibSq,https://first-avenue.com/event/2020/03/klituation,"with GULLY BOYS, NewBlackCity, RICKI MONIQUE, MARIA ISA, ASIA DIVINE, DJ NEEKASODOPE, KAMILLA LOVE and DJ MISS BRIT",,$12.00,Buy Tickets,https://www.etix.com/ticket/p/4641882/the-klituation-celebrating-womxns-month-ftgully-boysnewblackcityricki-moniquemaria-isaasia-divineand-more-minneapolis-first-avenue?cobrand=first-avenue,Mainroom,https://first-avenue.com/venue/mainroom,18+
"Sunday, March 29, 2020",7:00 pm,GREGORY PORTER,https://first-avenue.com/event/2020/03/gregoryporter,https://first-avenue.com/sites/default/files/styles/thumbnail/public/images/events/GregoryPorter-032920-388x600web_0.jpg?itok=G8evZXFU,https://first-avenue.com/event/2020/03/gregoryporter,,,$49.50,Buy Tickets,https://www.etix.com/ticket/p/8155868/gregory-porter-minneapolis-the-fitzgerald-theater?cobrand=first-avenue,The Fitzgerald Theater,https://first-avenue.com/venue/fitzgerald-theater,ALL AGES
"Sunday, March 29, 2020",7:00 pm,MONSTER MAGNET — Powertrip: A Celebration,https://first-avenue.com/event/2020/03/monstermagnet,https://first-avenue.com/sites/default/files/styles/thumbnail/public/images/events/MonsterMagnet-032920-387x600web.jpg?itok=xZqE5z3G,https://first-avenue.com/event/2020/03/monstermagnet,with NEBULA and SILVERTOMB,$27.50,$30.00,Buy Tickets,https://www.etix.com/ticket/p/7949524/monster-magnet-powertripa-celebrationwith-nebula-and-silvertomb-minneapolis-fine-line?cobrand=first-avenue,Fine Line,https://first-avenue.com/venue/fineline,18+
"Sunday, March 29, 2020",7:30 pm,LATE NIGHT RADIO,https://first-avenue.com/event/2020/03/latenightradio,https://first-avenue.com/sites/default/files/styles/thumbnail/public/images/events/LateNightRadio-032920-387x600web.jpg?itok=Qr7MFEzu,https://first-avenue.com/event/2020/03/latenightradio,with GUGGENZ,$15.00,$17.00,Buy Tickets,https://www.etix.com/ticket/p/4516573/late-night-radio-minneapolis-7th-st-entry?cobrand=first-avenue,7th St Entry,https://first-avenue.com/venue/entry,18+
"Monday, March 30, 2020",7:00 pm,TROPIDELIC,https://first-avenue.com/event/2020/03/tropidelic,https://first-avenue.com/sites/default/files/styles/thumbnail/public/images/events/Tropidelic-033020-388x600web.jpg?itok=0NU5S9NH,https://first-avenue.com/event/2020/03/tropidelic,with UMBRELLA BED,$12.00,$15.00,Buy Tickets,https://www.etix.com/ticket/p/4279402/tropidelic-minneapolis-7th-st-entry?cobrand=first-avenue,7th St Entry,https://first-avenue.com/venue/entry,18+
"Tuesday, March 31, 2020",6:00 pm,THE MURDER CAPITAL,https://first-avenue.com/event/2020/03/themurdercapital,https://first-avenue.com/sites/default/files/styles/thumbnail/public/images/events/MurderCapital-033120-388x600web.jpg?itok=Dk8aqCv4,https://first-avenue.com/event/2020/03/themurdercapital,with WOLF BLOOD,$10.00,$13.00,Buy Tickets,https://www.etix.com/ticket/p/2780006/the-murder-capital-minneapolis-7th-st-entry?cobrand=first-avenue,7th St Entry,https://first-avenue.com/venue/entry,ALL AGES
"Tuesday, March 31, 2020",7:00 pm,BLACK BELT EAGLE SCOUT,https://first-avenue.com/event/2020/03/blackbelteaglescout,https://first-avenue.com/sites/default/files/styles/thumbnail/public/images/events/BlackBeltEagleScout-033120-387x600v2.jpg?itok=3VVLU1al,https://first-avenue.com/event/2020/03/blackbelteaglescout,with TASHA and RYAN DENNISON,$12.00,$15.00,Buy Tickets,https://www.etix.com/ticket/p/7742196/black-belt-eagle-scout-stpaul-turf-club?cobrand=first-avenue,Turf Club,https://first-avenue.com/venue/turf-club,21+
"Tuesday, March 31, 2020",7:00 pm,STEPHEN MALKMUS,https://first-avenue.com/event/2020/03/malkmus,https://first-avenue.com/sites/default/files/styles/thumbnail/public/images/events/StephenMalkmus-033120-387x600web.jpg?itok=MMLdLEHO,https://first-avenue.com/event/2020/03/malkmus,with QAIS ESSAR & THE MAGIK CARPET,,$25.00,Buy Tickets,https://www.etix.com/ticket/p/5417889/stephen-malkmuswith-qais-essar-the-magik-carpet-minneapolis-first-avenue?cobrand=first-avenue,Mainroom,https://first-avenue.com/venue/mainroom,18+
